year,siren,Chiffres d’affaires nets,"Impôts, taxes et versements assimilés",Résultat d'exploitation,Résultat financier,Résultat en cours avant impôts,Résultat exceptionnel,Bénéfices ou perte (Total des produits ‐ Total des charges)
2012,5980016,2437311,47428,NA,76200,-135978,-2852,NA
2012,36820348,956901,15860,-103857,-3599,-107456,89715,-17741
2012,58807413,24000,654,19715,NA,19715,NA,16758
2012,64802101,NA,8117,-17726,-269,-17994,NA,-17994
2012,85581494,367220889,2293351,NA,2971367,14985642,1005074,9235297
2012,86080702,4664794,162589,388770,60482,449252,5708,310131
2012,300817087,120388,3057,-38372,-3362,-41734,2869,-38865
2012,301420469,68154341,957859,8673378,2188180,10861558,NA,NA
2012,302137435,6164853,148682,837528,28453,865981,3265,NA
2012,302454350,330714,3856,15078,-3029,12049,5,10246
2012,302517917,42201022,590029,NA,84539,793281,44483,512144
2012,302565049,2462113,206934,108441,5830049,6187957,10541,5825196
2012,302640453,459960,4769,23228,-587,22641,-513,18719
2012,304557861,1937719,9930,-7251,1734,-5517,22373,14323
2012,305118945,4614938,76518,-53548,58889,5341,-62992,NA
2012,305306177,328338,29264,178535,-54,178481,-194424,-15943
2012,305663296,NA,NA,NA,-39753,13600,-1959,11640
2012,305821225,16882995,256782,-679028,NA,-641717,-83331,-721048
2012,306138868,400268,8978,6108,-2694,3414,-6,2923
2012,307047910,789416,69102,395744,606,NA,NA,259678
2012,308338383,56293,8235,34593,-30,34563,-30,23022
2012,308800556,6812,1701,512,NA,487,NA,414
2012,309172518,429891,8102,13663,-22012,-8349,10745,3996
2012,309382661,64753,401,-19094,5,-19088,NA,-19088
2012,309989705,929988,5541,7604,-556,7048,-1292,4635
2012,311059034,569762,3297,-5321,-3661,-8981,NA,-8981
2012,311349500,209160,2419,NA,NA,871,-220,651
2012,312197130,6396718,57557,3013825,448860,5329580,NA,3563808
2012,313549891,NA,775,-1320,-437,-1758,-5073,-6831
2012,313671109,550979,4023,5022,-1741,3281,151,2917
2012,314239021,113779,6548,92330,706,8527,NA,8527
2012,314419466,56573,2781,47952,7586,55538,NA,44014
2012,314889544,1576733,53631,-157033,63832,-93201,15199,-166523
2012,314974585,490212,3725,18742,1807,20549,-1173,19376
2012,315250878,510843,9457,9935,78,10012,-119,7778
2012,316190172,191681,3473,-7006,NA,-7006,5753,-1252
2012,316916790,NA,NA,-30265,1378,27331,NA,27331
2012,317409423,531708,36095,128950,-5762,123188,63,123252
2012,317782571,501574,19745,6967,443,7411,NA,7411
2012,318843240,NA,11901,-10853,-21716,-32569,NA,-32569
2012,318908621,NA,2235,-6031,-2613,-8644,-90,-8734
2012,319427126,1514083,15439,NA,-3689,138187,2202,98536
2012,319528444,NA,NA,-2720,NA,-2720,NA,-2720
2012,319567426,109002,1259,5874,9484,15671,152,13450
2012,319673281,147755,1419,15895,13323,29218,NA,24835
2012,319773172,515001,2913,7017,-5309,1708,-1117,315
2012,320378144,4576179,359254,2914413,-22381,2897321,10105,2907427
2012,320772510,511576510,15221247,18424430,-1337369,19994469,-5349591,7029296
2012,321111999,6473173,101691,NA,59957,304637,NA,NA
2012,322131830,106675,648,6165,NA,6165,NA,5240
2012,322202250,1865557,8625,47880,4344,52224,1413,42859
2012,322366600,2620175,117138,1841397,-32748,1867285,-382,1866903
2012,322566092,1242787,10847,82802,8566,91368,-56777,29302
2012,322983420,1547699,21494,-298645,13276,NA,178720,NA
2012,323790949,NA,2244,-23079,NA,-23079,NA,-23079
2012,324081439,9600927,37031,-62764,128218,65454,19904,57447
2012,325114064,1347195,17837,459507,1828,461336,51284,512621
2012,325528057,492358,6732,6299,-10019,-3720,10220,7220
2012,325931970,468919,7715,149444,24354,173797,NA,130315
2012,325932093,65000,601,5821,-6060,-239,-922,-1161
2012,326332483,24564309,251228,-714247,-17137,-731383,22552,-688967
2012,326638061,1583722,21853,190145,-10471,179673,8388,133723
2012,326715893,1059755,5775,NA,5,NA,-2812,NA
2012,326716040,1396293,6327,120516,NA,120516,-256,87164
2012,326717543,59336,1712,-6653,-341,-6994,-45,-7039
2012,326765914,997098,25238,6035,-194,5841,97780,103622
2012,326923414,29297,588,-4294,NA,-4294,NA,-4294
2012,326979770,38864,NA,3157,NA,3157,30,NA
2012,327796124,119505,71,-32369,-232,-32601,1441,-31160
2012,327822482,198729,1965,3516,-2144,1371,NA,1165
2012,327893228,250508,NA,-94487,8,-94478,-2507,-96986
2012,327977153,2674671,10890,7218,29553,36771,-240,52714
2012,328170337,2275929,23568,NA,-6022,29171,1207,28644
2012,328223615,684891,4880,19731,-19118,612,NA,NA
2012,328263371,743847,7748,66052,NA,57107,NA,893
2012,328398862,3892265,42003,363297,9962,373259,-97410,199390
2012,328612197,371589,1614,112971,-1832,111139,355,81312
2012,328986849,4575242,77516,NA,-51161,-158500,-118648,-277148
2012,329025365,82393,2899,47946,NA,NA,NA,98565
2012,329922785,610339,4562,28162,2628,30791,-4378,21641
2012,330430646,NA,137238,-1200,NA,-1200,1200,NA
2012,330598202,51324685,726019,NA,-414429,242986,-10475,87664
2012,330714569,2839529,19483,426392,4423,430815,11570,302892
2012,331456012,NA,965,-12736,41117,28381,NA,25402
2012,331476671,2524289,2860,42020,-15178,NA,-7108,19734
2012,331662916,8455,71,-1331,NA,NA,NA,-2014
2012,331832675,46963286,206837,3627726,216371,3844097,-98,2529450
2012,332626860,276948,4925,9099,11,9110,-5828,NA
2012,333072833,6488287,52901,129006,25205,154211,NA,107382
2012,333306801,5583840,177385,13003,-14078,-1074,20945,19870
2012,333385037,2126579,38119,NA,-8720,114793,-1,74585
2012,333634160,6769260,178401,NA,-45516,-418305,NA,-273312
2012,333821528,900061,11556,5375,1216,6591,5487,8727
2012,334203999,413232,8598,8422,NA,8422,-1262,7160
2012,334501335,1785528,29694,-219210,-3725,-222934,43513,NA
2012,334515038,NA,NA,-9369,-137,-9506,NA,-9506
2012,334766599,29149,2120,2237,-3629,-1392,NA,-1392
2012,335039145,4744326,179505,660809,4991,665801,-37282,361961
2012,338029994,NA,636,-8011,2,-8009,NA,-8009
2012,338224629,12064130,300984,810102,-72039,738062,74491,NA
2013,5720651,NA,6535,61816,NA,61816,38597,66942
2013,5980016,2047636,32812,NA,24192,59532,5986,NA
2013,35720036,1249855,99607,755162,-4222,750940,NA,750940
2013,36820348,575451,15565,-59927,-207,-60135,59734,2446
2013,36920643,3063208,22612,NA,-9591,72936,-759,59343
2013,37220852,112447,521,1213,NA,1213,-90,1123
2013,55806673,3786451,208569,35204,-20930,14274,-6806,7468
2013,55808034,172585,2049,2916,257,3173,-1295,2288
2013,57801342,139327,20914,14013,7858,21871,-487,19003
2013,57815839,NA,NA,-1346,532,-813,NA,-813
2013,58807413,24000,660,19288,NA,19288,NA,16395
2013,62802186,160584,10546,73651,65077,138728,1067,133436
2013,66309808,891584,5085,97428,-10454,86974,-9684,58515
2013,66801655,NA,NA,-500,-5992,-6492,NA,-6492
2013,67800946,NA,1220,-4304,40634,36328,NA,26364
2013,70805320,2030660,71827,-22411,-1238,-23649,23649,NA
2013,85581494,415975405,2535145,NA,4964410,15893162,-11383,NA
2013,85780971,2729788,43984,NA,-15007,-43897,26005,NA
2013,86080702,4985550,200433,NA,53011,666635,-4737,439590
2013,87280954,10926,645,1340,2079,3419,NA,3419
2013,300068640,2023610,4277,-1607817,-5297,-1613114,-289008,-1902122
2013,300094794,3429638,86623,-87471,-19915,-107386,20982,-86404
2013,300153608,758823,5597,52422,NA,60529,NA,54972
2013,300218468,17930364,484925,NA,-242597,-2636666,-1046508,NA
2013,300218815,2614487,51234,137225,941,138166,-4900,101044
2013,300426046,22330483,380739,223646,NA,186040,-83038,104935
2013,300609104,1952262,18360,52378,-863,51515,-1302,39511
2013,300644838,2102858,23963,-21668,-457,-22125,-679,-22805
2013,300747391,2589685,26931,58029,46551,104580,-4145,73825
2013,300817087,129585,2502,-6646,-3659,-10305,-5245,-15550
2013,301171013,1169288,19396,126140,-4552,121589,-58932,50356
2013,301222378,4705638,22432,728379,-5963,722415,4050,492220
2013,301340873,515064,15252,3141,13905,17045,873,16277
2013,301420469,65016112,973725,6812920,2232738,9045658,NA,NA
2013,301460861,78255,3922,-80609,68,-80541,NA,-80541
2013,301546230,355957,8679,-21888,595,-21293,5435,-15858
2013,302020177,37713888,375476,NA,-25310,1004429,12901,646081
2013,302021357,815434,9739,NA,NA,4982,NA,NA
2013,302137435,6383983,158593,990877,NA,1020296,64772,NA
2013,302304373,4442922,36599,-153151,-1507,-154657,118944,-35714
2013,302387261,10320262,277410,449172,-28850,420323,NA,346700
2013,302395496,1740629,23423,29407,7867,37274,-6123,NA
2013,302454350,301343,7933,8413,-2075,6339,137,5667
2013,302517917,41750075,591604,NA,-70937,633967,96294,444156
2013,302565049,3201770,157363,162236,5659669,6077453,-12087,5629100
2013,302640453,512190,5283,8655,-617,8037,379,8166
2013,303159909,6707116,83324,207125,41197,248321,NA,195911
2013,303218291,820438,7827,-46151,-2406,NA,NA,NA
2013,303291645,1949124,31716,131545,2668,134213,1672,93339
2013,303301691,11859906,215538,541218,53412,594628,27438,6044232
2013,303322408,23972847,383833,4183118,589865,4772983,-190359,3239881
2013,303679815,393079,9120,27052,-4047,23004,-120,22884
2013,304292451,802743,70211,377085,729310,NA,NA,737633
2013,304351778,506431,3427,45914,2331,48245,NA,NA
2013,304429772,4882522,66491,115909,-28449,87460,-287,64921
2013,304486897,6765000,189774,92545,-19756,72789,NA,71488
2013,304489511,397619,22158,14468,100,14568,NA,NA
2013,304557861,1907168,11763,-80674,2035,-78639,526,-78113
2013,304604101,84615,8127,24193,7163,NA,NA,26653
2013,304803851,2460267,16204,NA,-54479,192050,-24309,NA
2013,304851595,NA,3287,NA,NA,NA,NA,1289
2013,304915119,NA,NA,-1303,NA,-1303,NA,-1303
2013,305118945,4197054,63176,105058,178623,283681,2850,NA
2013,305304479,2926124,27231,287546,-415,287131,-30013,173520
2013,305306177,41544,29927,-485193,-10,-485203,-215931,-701134
2013,305365462,2443224,111558,29389,-23178,6211,-1107,NA
2013,305663296,NA,22534,-68613,-26281,-94895,2300,-92594
2013,305810624,724661,NA,12142,-7075,5067,NA,NA
2013,305821225,16679459,246258,-1049682,-311558,-1361240,193776,-1166131
2013,306092669,29935338,447114,-798052,-413690,-1211742,135917,-1030352
2013,306138868,431505,9338,5625,-2956,2668,-2098,2684
2013,306461666,262346,7998,65388,-336,65052,15136,61195
2013,306461716,423314,5023,11618,830,12449,896,13275
2013,306733775,647803,34598,NA,NA,42275,NA,NA
2013,307033969,179374,20749,-17211,-518,-17729,78156,60427
2013,307047910,822396,72244,446322,19,NA,4384,300166
2013,307132001,125413653,1731478,8785174,-252499,8532674,135551,4621206
2013,307165993,10586773,62615,1459870,137361,1597232,9234,1100556
2013,307277129,6291193,223317,25346,296006,321352,NA,254296
2013,307330902,112528,13996,37456,NA,37456,NA,29271
2013,307772269,3380347,49299,596211,215270,723767,-31838,485232
2013,308093269,782581,8828,68147,-1432,66714,NA,36938
2013,308338383,57726,8236,34825,NA,34825,-40,23190
2013,308800556,7898,1883,1197,NA,NA,NA,1017
2013,309095396,1218841,20294,2197,NA,2197,-119,3278
2013,309172518,595321,8316,NA,-24817,-26619,24039,NA
2013,309318566,1356448,19750,61834,-1835,NA,2000,61999
2013,309344729,1161661,29914,55317,135476,190793,2167,169029
2013,309382661,74433,398,-5717,NA,-5717,NA,-5717
2013,309467397,7036807,111609,21700,-11086,10614,NA,NA
2013,309494953,54905816,NA,5478685,173866,5652551,198516,NA
2013,309693612,3026402,39346,-138375,86423,-51952,12837,-39115
2013,309931830,1685243,10844,118597,8558,127155,-13169,113986
2013,309932580,3892450,37850,3479,-3024,455,15049,15091
2013,309989705,914609,NA,4098,-398,3699,13439,14279
2013,310290663,19457,1459,-69657,-776,-70434,529,-69905
2013,310455928,82565,19329,11971,NA,NA,NA,7981
2013,310517693,896919,11194,1259,-4042,-2783,-1400,-3650
2013,310530068,NA,NA,562,-114,448,-25,398
2013,310552617,226025,53310,-48032,1522,-46510,25563,-20947
2014,5720651,NA,6719,61010,NA,61010,NA,40673
2014,5750583,5106853,39377,37541,-2103,35437,-3396,32041
2014,5980016,1817855,25070,6691,25304,31995,-90,NA
2014,6280309,21607044,213574,-911732,60090,-857827,1282680,NA
2014,7050123,574422,15256,-15112,-245,-15357,5754,-9603
2014,17150947,233468,2627,3044,19764,22809,-366,19429
2014,24066193,10691762,111725,550882,-15725,535156,106020,NA
2014,25880626,4743828,96675,496767,126957,623724,NA,NA
2014,35620079,510245,81308,-5418,NA,-5418,-45,-5463
2014,35621226,906722,37253,81106,-2396,NA,-4149,70026
2014,35720036,1221121,99411,802623,-2223,800401,-1456,798945
2014,35720523,265874,-858,-100660,1606720,1534000,50691,1385785
2014,35721810,971913,14221,229398,-4367,NA,-46190,125960
2014,36020212,10976,NA,7900,-700,7200,NA,6120
2014,36220150,5053941,410850,611425,50618,662042,-5311,477588
2014,36520815,2194134,3758,NA,15197,13930,-3269,NA
2014,36820348,528758,13984,4851,-1755,3095,-37,3057
2014,36920643,2933462,17459,33364,NA,25028,NA,25028
2014,37120284,1682708,33660,57294,-36787,20507,-14139,NA
2014,37120680,193364,5009,26,2925,2951,NA,2715
2014,37150182,1194293,143119,325425,-19545,305880,1128,299779
2014,37221447,95212,674,87011,NA,NA,NA,87011
2014,54801824,58127,3373,-23419,16426,-6992,NA,-6992
2014,55806673,3822769,230220,45674,-23902,21772,-6941,14831
2014,55808034,155333,1921,4071,NA,4071,NA,3616
2014,55809404,28642155,1182609,-1818063,-837236,-2655299,-959864,-3615164
2014,56802499,17068731,397192,-807285,-573761,-1381046,710911,-637830
2014,57801342,138430,21625,19951,7942,27892,-629,22747
2014,57809162,98900,2329,165831,-55,165776,37962,203738
2014,57815839,NA,NA,-1349,163,-1186,NA,-1186
2014,57817264,19156969,152098,345348,-59162,NA,-2562,185107
2014,58803396,1652622,12826,-7776,23702,15926,-8038,4610
2014,58807413,22500,381,16541,NA,16541,-81385,-64844
2014,60801099,15774628,228871,NA,-3420,260635,16119,200991
2014,61804225,415596,91861,279548,5675,285223,-13285,182031
2014,62802186,93492,10233,57128,124932,182060,-13873,166132
2014,63803654,363875,59883,297053,30548,327601,-58505,186386
2014,66304148,1511674,7425,NA,94405,231797,37867,219790
2014,66309808,962815,4386,NA,-6646,103850,7404,81940
2014,66801655,NA,NA,NA,12438,12438,NA,12438
2014,67800946,NA,1220,288358,58404,346764,NA,336268
2014,67802660,83462,930,NA,-1294,14,NA,276
2014,70805320,2108131,57421,-166764,276,-166488,184649,18161
2014,73800427,NA,24971,133853,1853,135707,4900,96128
2014,76620194,146926,10451,-15715,NA,-15715,NA,-15715
2014,76820521,3041627,NA,-1012784,503733,-469843,1399404,929561
2014,77220085,NA,316,-4110,37858,33747,NA,33747
2014,85581494,438610294,2837052,16944757,4078836,21023600,72896,NA
2014,86020013,13886223,66215,NA,-5759,110516,23860,NA
2014,86080702,5252800,206918,NA,77582,816174,1188,560427
2014,87280954,8315,348,-145,2048,NA,NA,2398
2014,87320065,912479,11324,-39368,3483,-35885,NA,NA
2014,94130465,NA,693,-1629,-68,-1698,5500,3496
2014,95550497,NA,15640,-36712,7518,-29193,1320,-27873
2014,97150353,44216945,471371,NA,-77460,5096148,NA,NA
2014,300068640,232296,1826,-630957,-1533,-632491,221760,-410731
2014,300094190,1419396,41877,NA,-7738,-45590,2000,NA
2014,300094794,3585571,89092,43633,-31389,12243,-2199,10044
2014,300108636,NA,1451,-5759,NA,-5759,-50,-5809
2014,300153608,778513,5429,51459,16476,NA,NA,59526
2014,300209095,47955980,805073,-3615928,4642,-3611286,-611403,-4222689
2014,300218468,20261956,501026,NA,-252665,-1162075,-38708,NA
2014,300218815,2537201,53255,134651,-2858,131794,1706,105940
2014,300220985,160552238,630621,4203054,2157319,6360372,-88027,4728060
2014,300268240,12300789,257188,454794,149064,603857,35856,NA
2014,300300084,NA,252,-252,NA,-252,NA,-252
2014,300344975,3630807,83867,NA,-59055,-755141,352430,NA
2014,300426046,21448787,316806,819456,-140496,678960,-1086387,-405918
2014,300459211,1395031,39334,NA,NA,66741,NA,54918
2014,300498904,1807155,40177,-13461,NA,-13461,1693,-11768
2014,300536448,1009082,4802,-12185,4728,-7457,NA,-7457
2014,300586476,1278609,17737,60298,24390,84688,1588,71107
2014,300601648,1495884,28549,-108767,-12255,-121022,243,NA
2014,300609104,1677157,19432,72886,-1249,71637,150,58424
2014,300643418,852876,8005,-11451,-4285,-15736,10,-4383
2014,300644838,1660028,21910,-16479,-429,-16908,102,-16806
2014,300747391,2277676,18048,47068,46308,93376,11217,79045
2014,300817087,89633,1326,-41913,-3751,-45664,NA,-47783
2014,300822772,1625588,36921,88043,347,88390,1191,91765
2014,300862562,20583162,199327,175725,-163504,12221,32654,46278
2014,300961356,2249485,66539,-93803,-1112910,-1176043,-276,-1223371
2014,300962180,30102,1485,-131454,1782,-129671,-4464,-134135
2014,300990306,240767,1559,-26591,-680,-27271,NA,-27271
2014,301009940,654314,16090,-143324,7,-143317,NA,-143587
2014,301030938,1971916,111268,1223720,6406,1230126,-23912,775038
2014,301099537,16663443,284965,NA,-106181,154875,-241457,-86583
2014,301164315,403446,916,-2475,2220,-255,NA,-255
2014,301166138,46873636,793968,3265579,-211727,3053852,-209009,2598952
2014,301171013,1200645,17919,44653,-3013,41640,56725,77315
2014,301171138,1537405,13206,-7431,-1403,-8834,-1693,NA
2014,301171435,2307216,94784,-579431,119183,-460248,908029,448402
2014,301222378,4669851,24129,736701,36988,773689,1922,523224
2014,301239661,1524797,10933,-2989,-859,-3848,-232885,-236733
2014,301242178,327477,4951,25947,-531,25416,-68,22360
2014,301271565,412103,801,34552,24479,59031,-2346,NA
2014,301310645,NA,NA,-5000,NA,-5000,NA,-5000
2014,301330486,NA,73,-3120,6296354,6293234,NA,6113455
2014,301340873,582235,17479,33777,4522,38299,42436,55613
2014,301392304,133301,2331,-19799,NA,-19799,1274,-18524
2014,301420469,66166889,1010654,6442294,2899611,9341906,NA,6833639
2015,5450119,NA,NA,-1559,NA,-1559,NA,-1559
2015,5720651,NA,6901,-36482,NA,-36482,NA,-37676
2015,5750377,15300,19484,-13700,43,-13658,NA,-13658
2015,5750583,4767634,36864,-10484,-938,-11422,-9,-11431
2015,6280309,20586907,300490,-130903,292434,150788,174379,NA
2015,6850234,19548022,192034,138596,76196,214792,-47884,134252
2015,7080260,9318160,80993,299775,12361,312137,3689,250656
2015,7120066,4735738,46511,NA,21851,592672,120210,492245
2015,15650807,1000,2065,-11534,NA,-11534,3237,-8296
2015,15850944,3276247,77848,NA,-1652,-246975,-4903,-234710
2015,16750564,32186,5243,31691,NA,31691,NA,31691
2015,17050220,5279426,66673,-142109,-1655,-73588,58407,NA
2015,17150921,1000017,18993,11044,-3168,7875,-3896,3134
2015,17150947,241271,NA,-619,4651,4032,NA,3806
2015,24038010,364680,12575,18850,NA,18850,NA,15205
2015,24056137,389468,1511,133359,-882,132477,660,127477
2015,24066193,10516648,144713,777269,-16861,760407,-99051,NA
2015,24068462,556610,3858,49659,39,49697,NA,42919
2015,24085953,5575443,102111,749796,-104108,645688,81934,727621
2015,25880626,4806732,86602,465574,85458,551032,21910,411222
2015,27280296,1509723,29565,650440,308952,959392,60839,613359
2015,35620582,722082,31759,-24909,NA,-31402,NA,-58722
2015,35620657,108773,8914,-2556,NA,-2556,-31,-2587
2015,35621226,892358,37279,97817,-907,NA,-17,75625
2015,35720036,1275331,105261,879622,-1626,877995,-90000,787995
2015,35720085,334598,8308,-27175,8358,-18818,-17,-18835
2015,35720523,267629,8653,-62937,1618807,1577847,-7,1425213
2015,35820547,173891,5102,-156,NA,-156,186,30
2015,36820348,511202,13813,24109,-184,23924,-8025,15898
2015,36920643,2989728,17369,48295,-7359,40935,-168,37782
2015,36921146,3027819,18830,NA,54361,508498,-499,355473
2015,37020252,1937422,NA,128353,-1688,126665,-15808,87836
2015,37150182,1020591,135455,262732,-15819,246913,95489,306487
2015,37221447,94726,604,88670,NA,NA,NA,88670
2015,37322062,4268941,98336,382953,-113277,326920,12020,233326
2015,45780566,171715,7370,95612,-13316,82296,2177,63410
2015,45980091,436355,34064,NA,-17895,-2562,9221,6659
2015,46550372,3255845,38477,-65575,-2876,-68451,23299,NA
2015,46720124,22196,15156,-159405,-1,-159406,-70843,-230249
2015,47120019,48740485,568409,2703258,2800,2706059,13776,1671477
2015,47220256,21396237,1864279,NA,527522,1364096,-19878,1160139
2015,47250444,1405164,30748,157498,-45456,112041,10372,NA
2015,47320114,1256438,5240,24393,-151,24242,-696,NA
2015,54390505,1489019,41014,116170,5833,122003,-44270,77733
2015,54801824,53349,3049,-14150,5927,-8223,80000,71777
2015,54802293,4679669,32169,125265,12303,137567,4142,NA
2015,54805577,11392694,776204,920026,26501,946527,-2615,683153
2015,54807250,19095,684,2113,NA,2113,751,2865
2015,55500979,23040597,264541,1020149,390981,1444086,75856,1099554
2015,55503254,116710,3388,-4694,-36,-4730,-1576,-6307
2015,55801039,425186,4563,-6271,14604,NA,417,7437
2015,55802052,432178,6971,33819,-14610,19209,-693,17212
2015,55806673,3729797,213682,-110377,-18259,-128636,-7806,-136442
2015,55808034,167267,682,6705,NA,6705,NA,5855
2015,55808224,5243215,42855,NA,-42812,-69358,-1735,-71093
2015,55809404,28580283,560638,-811372,-23058,-834429,-212252,-1046681
2015,55809602,29896548,69053,620861,NA,439777,-174677,265100
2015,55811996,30995050,755886,NA,-64101,1825941,-77099,NA
2015,56801053,26381,4512,-192464,-29985,-222449,-95047,-317496
2015,56801848,63000,8438,-41196,NA,-38928,73231,29150
2015,56802218,15933750,96835,-460900,-183381,-644282,-38078,-682360
2015,56802499,16473840,353971,-574415,-451336,-1025752,711966,-263911
2015,56803000,7029313,135431,NA,NA,-1006,NA,NA
2015,56803919,NA,6761,180663,26317,206980,-15799,108190
2015,56808462,NA,192,-1060,NA,-1060,NA,-1060
2015,57801342,138766,22294,-73956,987,-72969,261288,132085
2015,57803405,94958,1054,-16446,-191,-16638,NA,-16638
2015,57803660,542870,19106,138837,1063,139900,13279,110496
2015,57804684,2164610,52795,69731,-63178,6553,-58244,-51690
2015,57805418,1792593,74908,8090,-30606,-22516,-170,-22686
2015,57808032,222501,1428,27216,-963,26253,723,24683
2015,57808172,11100321,812051,2070594,-25236,2045358,-9213,1315574
2015,57809162,97300,4126,-38645,-128,NA,NA,-38774
2015,57809402,4975630,12009,8959,-7179,1780,-215,1565
2015,57812158,453900,1792,-38320,-1096,-39416,NA,-39416
2015,57813677,3462440,38374,172893,-14566,158327,-38002,98092
2015,57814097,4307317,51658,621382,338,621720,32776,465706
2015,57814352,1491225,35055,365168,-4024,361144,3045,246564
2015,57814469,774862,83069,214813,-3108,NA,NA,14998
2015,57815839,NA,NA,-1250,-241,-1490,NA,-1490
2015,57816290,26678,673,-290,NA,-290,NA,-290
2015,57818262,257389,9741,-7459,-3596,-11055,1495,-9560
2015,57820110,NA,8256,-759,NA,-759,NA,-759
2015,57820995,1918898,NA,NA,4055,-25283,50839,25556
2015,58501107,36480926,368272,NA,352485,1310113,134096,NA
2015,58501362,1057899,7690,-22589,-631,-23220,-2245,-25466
2015,58803396,1632941,9327,-14378,11716,-2663,8881,4309
2015,58805524,2250545,20479,4163,-2393,1771,8825,10595
2015,58806647,2063104,104102,-82150,-3444,-85593,42816,-42777
2015,58807413,22800,384,16510,NA,16510,NA,16510
2015,58808353,1714777,4500,10699,NA,8200,24,8117
2015,58808502,2441530,9465,59735,5990,65725,-48336,16036
2015,58812405,3119853,311084,1740700,-182167,1558533,NA,1045292
2015,59801126,426797,5842,14912,106983,121895,1990,90303
2015,59801993,1201061,38718,NA,-10450,60871,16644,62002
2015,59806653,474875,12171,21024,NA,21024,NA,19499
2015,60500089,20389,8983,-30981,110737,67995,-44273,23722
2015,60800109,1478568,6031,109887,-642,109246,10999,89171
2015,60801016,177640,1768,615,255,869,-279,1762
2015,60801099,14567196,197088,229605,-13559,216047,-1231,163050
2016,5420120,104225,214907,-1974126,1328081,-646044,421294,-261053
2016,5450119,NA,NA,-1229,NA,-1229,NA,-1229
2016,5520176,NA,202747,105106,3186,108292,-55303,NA
2016,5520242,6999451,204747,120053,-43605,76447,NA,NA
2016,5580113,1618851,1722,NA,-25210,-208851,15400,-190171
2016,5580501,NA,74059,-1064546,23579,-1040967,NA,-1040967
2016,5580683,NA,898,-7456,NA,-7456,NA,-7456
2016,5620034,5141798,35870,53062,-8622,44440,NA,43632
2016,5620190,6394539,151469,173890,6298,180188,-935,215335
2016,5650031,1723897,10465,21614,-828,NA,7746,30804
2016,5650148,NA,313,-20689,61,-20628,818,-19809
2016,5650189,35566260,308396,575808,531519,1107327,141974,952610
2016,5680541,292994,45972,157201,-35132,122069,4096,84040
2016,5720164,18362422,767964,2527059,21602,2548661,46413,1628507
2016,5720602,117265,17445,96970,1871,98841,NA,65894
2016,5720610,49158,1950,-32268,-6027,-38295,3644,NA
2016,5720644,233151,1443,-12992,938,-12054,NA,-12054
2016,5720651,NA,6813,-124171,2887,-121284,NA,-121284
2016,5720784,36120611,761554,NA,70380,184925,-173044,NA
2016,5750377,15600,NA,7279,NA,7279,38555,45834
2016,5750385,1242382,6960,40948,-13019,27929,-3862,NA
2016,5750583,4459071,38177,-28830,-519,-29349,51205,21855
2016,5780044,1369952,12774,NA,3891,158463,258,NA
2016,5780283,NA,7193,38022,24112,62134,NA,48288
2016,5780390,3094805,73025,-318383,NA,-318383,-17706,-284403
2016,5780960,33688865,1129902,1388902,111335,1500238,3423506,3235400
2016,5781133,18519008,296514,1602899,510667,2113566,-120020,1940730
2016,5820378,32457094,492850,NA,2723,2165315,-6249,1782446
2016,5820428,10934677,35165,NA,-6791,-10782,8305,191
2016,5820477,11421468,198368,914300,NA,898762,-10542,NA
2016,5880596,124877,1240,-7992,12558,4566,NA,4506
2016,5920194,6135830,29831,192800,2616,195415,NA,146569
2016,5950159,4460423,22912,157442,7733,NA,35770,143339
2016,6076434,1979644,26823,NA,9690,40142,4611,NA
2016,6180301,3724524,181123,534438,973166,1507604,2961851,4744665
2016,6220065,8846483,296554,1917031,100930,2017961,151480,NA
2016,6250104,88067,59,-6601,51,-6550,NA,-2236
2016,6280234,3878252,60682,NA,-14735,381762,-101632,205942
2016,6280309,21135788,251261,89113,-19073,64930,54809,NA
2016,6320048,143452,13099,-8948,-5609,-14557,NA,15828
2016,6380042,38902093,673321,NA,225280,10636474,22876,NA
2016,6380117,116582,8384,31003,-21811,9192,-5500,2461
2016,6380158,NA,1843788,NA,NA,NA,NA,8603903
2016,6380315,37641826,243599,216398,-56848,159550,13536,NA
2016,6450043,11461841,97433,1156750,-7654,1149096,20813,NA
2016,6450225,NA,164,-2264,15596,13332,NA,11279
2016,6480065,4482781,65644,-75721,-15075,-90796,142608,56869
2016,6520126,295986,6526,NA,28,NA,-196,20855
2016,6580161,9798265,NA,NA,-2285,-62847,NA,NA
2016,6580195,43952799,741648,NA,-692917,-8451919,-327737,NA
2016,6620124,2832141,21934,NA,-9844,183984,-37,NA
2016,6650089,26258244,3552012,NA,-2794378,1444924,2524436,3912281
2016,6650097,1783311,57105,-64161,635,-63526,NA,-63526
2016,6720049,1522643,64216,-49295,-7665,-56959,NA,-55759
2016,6720064,50679804,326343,1143965,-42138,1101826,10639,783952
2016,6780514,32890002,683409,NA,136094,1988921,-29347,NA
2016,6850234,9036567,86489,70162,24581,94743,223192,288300
2016,6850259,1910125,23465,-158281,-9774,-168055,-2559,NA
2016,6880090,189734,2797,NA,NA,-33972,29814,NA
2016,6980387,667086,87428,474388,NA,2164813,NA,1979846
2016,6980395,728588,10413,32399,1257,33656,NA,NA
2016,7050040,8219477,704042,615540,117532,NA,4753,530408
2016,7050073,408860,58861,207770,135088,342858,NA,234471
2016,7050123,568931,11829,40023,NA,40023,-14520,23867
2016,7080013,2288679,21099,90430,-33084,60576,17296,86639
2016,7080021,1399574900,3062438,NA,371918,2196359,282696,1056881
2016,7080054,12593706,204575,NA,20276,603218,500,450036
2016,7080195,17960971,102642,NA,46420,233673,-133078,106377
2016,7080443,11201930,44788,79175,1116,80291,6536,76843
2016,7080708,1527204,12520,82182,-5442,76740,NA,47922
2016,7080757,8251312,89820,NA,-12167,611864,NA,NA
2016,7080773,6985675,165743,NA,-61013,-49681,NA,NA
2016,7120066,4044179,57824,NA,NA,202464,137878,NA
2016,7150030,345525,15012,-9805,-8327,-18131,20164,2032
2016,7150303,3894109,42327,NA,-18240,353819,-332882,NA
2016,7180516,4869187,57006,NA,-9106,122382,NA,85601
2016,7180532,64628722,473390,NA,NA,1394700,NA,905730
2016,7180680,362863,41800,208803,-25105,501768,19576,364021
2016,7220338,1225959,6234,56529,1127,57656,-651,50996
2016,7250202,345961,5896,-2323,-5136,-7460,10151,2691
2016,7280308,294929,2349,-18685,218,-18466,673,-17793
2016,7280365,28280454,220675,645574,-3500,642074,-510194,131879
2016,7280605,5685334,145302,775298,1160948,1936246,95974,1176118
2016,7320047,6554956,NA,274836,-3531,NA,NA,200582
2016,7320187,1975124,16438,31167,-12997,18169,-103,18065
2016,7320294,13590608,93122,264432,-51935,212497,203186,294061
2016,7350077,193541,6366,NA,581,-5644,-1427,-7071
2016,7350184,775583,6601,36031,2147,NA,-1389,NA
2016,7350200,12992215,173421,-2054,28263,26208,449,NA
2016,7380017,9492,1945,6699,NA,6699,2,5696
2016,7380215,725389,8237,-3785,NA,-5435,NA,NA
2016,15450620,48434,9688,11465,168394,179860,NA,156864
2016,15450638,45004696,4173514,5765061,-5376179,388882,2775880,NA
2016,15450711,NA,9217,34407,-374816,-340409,-295743,375029
2016,15450752,1022631,77304,1044904,186377,1231281,-49,1201580
2016,15451214,151256,12392,-1944,-11030,-12974,-2,-12976
2016,15451412,50732959,NA,2444872,110659,2721697,-1017597,1381115
2016,15550650,2683715,40940,-159500,66024,-93476,2411,-91064
2016,15550775,5876188,58118,NA,-97,561702,211392,NA
2016,15550882,71042566,909792,NA,-390356,1283854,NA,3126838
